{
    "createAccount": {
        "statusCode2": "GET_PIN_TO_EMAIL",
        "statusCode1": "GET_PIN_TO_TEXT",
        "statusCode3": "DUPLICATE_ENROLLMENT",
        "statusCode": "KBA_QUIZ_SUCCESS",
        "statusCode4": "PIN_TO_POST_PRIMARY",
        "statusCode5": "PIN_TO_POST_SECONDARY",
        "statusCode6": "KBA_QUIZ_ERROR",
        "statusCode7": "KBA_FAILURE_ELIGIBILITY_FAIL",
        "statusCode8": "TEST_UNMAPPED_RESPONSE",
        "quizIdentifier": "1",
        "questions": [{
                "questionId": "1",
                "questionText": "Your credit file indicates you may have a mortgage loan, opened in or around February 2016. Who is the credit provider for this account?",
                "answerChoices": [{
                        "answerChoiceId": "1",
                        "answerChoiceText": "BANK OF AMERICA CORPORATION"
                    },
                    {
                        "answerChoiceId": "2",
                        "answerChoiceText": "IMC MORTGAGE"
                    },
                    {
                        "answerChoiceId": "3",
                        "answerChoiceText": "LONG ISLAND SVGS BK"
                    },
                    {
                        "answerChoiceId": "4",
                        "answerChoiceText": "REGIONS FINANCIAL CORP"
                    },
                    {
                        "answerChoiceId": "5",
                        "answerChoiceText": "NONE OF THE ABOVE"
                    }
                ]
            },
            {
                "questionId": "2",
                "questionText": "What is your total scheduled monthly payment for the above-referenced mortgage?",
                "answerChoices": [{
                        "answerChoiceId": "1",
                        "answerChoiceText": "$425 - $524"
                    },
                    {
                        "answerChoiceId": "2",
                        "answerChoiceText": "$525 - $624"
                    },
                    {
                        "answerChoiceId": "3",
                        "answerChoiceText": "$625 - $724"
                    },
                    {
                        "answerChoiceId": "4",
                        "answerChoiceText": "$725 - $824"
                    },
                    {
                        "answerChoiceId": "5",
                        "answerChoiceText": "NONE OF THE ABOVE"
                    }
                ]
            },
            {
                "questionId": "3",
                "questionText": "On which of the following streets have you lived?",
                "answerChoices": [{
                        "answerChoiceId": "1",
                        "answerChoiceText": "COWAN LOOP"
                    },
                    {
                        "answerChoiceId": "2",
                        "answerChoiceText": "CP LN"
                    },
                    {
                        "answerChoiceId": "3",
                        "answerChoiceText": "N RED ST"
                    },
                    {
                        "answerChoiceId": "4",
                        "answerChoiceText": "REBSAMEN PARK"
                    },
                    {
                        "answerChoiceId": "5",
                        "answerChoiceText": "NONE OF THE ABOVE"
                    }
                ]
            },
            {
                "questionId": "4",
                "questionText": "Which of the following is either your current or your previous telephone number?",
                "answerChoices": [{
                        "answerChoiceId": "1",
                        "answerChoiceText": "615-203-0765"
                    },
                    {
                        "answerChoiceId": "2",
                        "answerChoiceText": "615-345-8527"
                    },
                    {
                        "answerChoiceId": "3",
                        "answerChoiceText": "615-683-6774"
                    },
                    {
                        "answerChoiceId": "4",
                        "answerChoiceText": "901-227-8517"
                    },
                    {
                        "answerChoiceId": "5",
                        "answerChoiceText": "NONE OF THE ABOVE"
                    }
                ]
            }
        ]
    },
    "getQuiz": {
        "statusCode": "KBA_QUIZ_SUCCESS",
        "statusCode2": "PIN_TO_POST_PRIMARY",
        "statusCode3": "PIN_TO_POST_SECONDARY",
        "statusCode4": "KBA_QUIZ_ERROR",
        "statusCode5": "KBA_FAILURE_ELIGIBILITY_FAIL",
        "quizIdentifier": "1",
        "questions": [{
                "questionId": "1",
                "questionText": "Your credit file indicates you may have a mortgage loan, opened in or around February 2016. Who is the credit provider for this account?",
                "answerChoices": [{
                        "answerChoiceId": "1",
                        "answerChoiceText": "BANK OF AMERICA CORPORATION"
                    },
                    {
                        "answerChoiceId": "2",
                        "answerChoiceText": "IMC MORTGAGE"
                    },
                    {
                        "answerChoiceId": "3",
                        "answerChoiceText": "LONG ISLAND SVGS BK"
                    },
                    {
                        "answerChoiceId": "4",
                        "answerChoiceText": "REGIONS FINANCIAL CORP"
                    },
                    {
                        "answerChoiceId": "5",
                        "answerChoiceText": "NONE OF THE ABOVE"
                    }
                ]
            },
            {
                "questionId": "2",
                "questionText": "What is your total scheduled monthly payment for the above-referenced mortgage?",
                "answerChoices": [{
                        "answerChoiceId": "1",
                        "answerChoiceText": "$425 - $524"
                    },
                    {
                        "answerChoiceId": "2",
                        "answerChoiceText": "$525 - $624"
                    },
                    {
                        "answerChoiceId": "3",
                        "answerChoiceText": "$625 - $724"
                    },
                    {
                        "answerChoiceId": "4",
                        "answerChoiceText": "$725 - $824"
                    },
                    {
                        "answerChoiceId": "5",
                        "answerChoiceText": "NONE OF THE ABOVE"
                    }
                ]
            },
            {
                "questionId": "3",
                "questionText": "On which of the following streets have you lived?",
                "answerChoices": [{
                        "answerChoiceId": "1",
                        "answerChoiceText": "COWAN LOOP"
                    },
                    {
                        "answerChoiceId": "2",
                        "answerChoiceText": "CP LN"
                    },
                    {
                        "answerChoiceId": "3",
                        "answerChoiceText": "N RED ST"
                    },
                    {
                        "answerChoiceId": "4",
                        "answerChoiceText": "REBSAMEN PARK"
                    },
                    {
                        "answerChoiceId": "5",
                        "answerChoiceText": "NONE OF THE ABOVE"
                    }
                ]
            },
            {
                "questionId": "4",
                "questionText": "Which of the following is either your current or your previous telephone number?",
                "answerChoices": [{
                        "answerChoiceId": "1",
                        "answerChoiceText": "615-203-0765"
                    },
                    {
                        "answerChoiceId": "2",
                        "answerChoiceText": "615-345-8527"
                    },
                    {
                        "answerChoiceId": "3",
                        "answerChoiceText": "615-683-6774"
                    },
                    {
                        "answerChoiceId": "4",
                        "answerChoiceText": "901-227-8517"
                    },
                    {
                        "answerChoiceId": "5",
                        "answerChoiceText": "NONE OF THE ABOVE"
                    }
                ]
            }
        ]
    },
    "submitAnswers": {
        "statusCode": "KBA_SUBMIT_ANSWERS_SUCCESS",
        "statusCode2": "PIN_TO_POST_PRIMARY",
        "statusCode3": "KBA_SUBMIT_ANSWERS_ERROR_TIMEDOUT",
        "statusCode4": "KBA_SUBMIT_ANSWERS_ERROR",
        "statusCode5": "KBA_SUBMIT_ANSWERS_SYSTEM_ERROR",
        "statusCode6": "KBA_SUCCESS_ELIGIBILITY_FAIL",
        "statusCode7": "VALIDATION_ERROR",
        "statusCode8": "KBA_FAILURE_ELIGIBILITY_FAIL",
        "statusCode9": "TEST_UNMAPPED_ERROR",
        "destinationUrl": "https://www.trustedid.com/"
    },
    "enrollOTP": {
        "statusCode2": "ENROLL_OTP_RESEND_ALLOWED",
        "statusCode": "ENROLL_OTP_RESEND_ALLOWED_INIT",
        "statusCode3": "ENROLL_OTP_RESEND_ALLOWED",
        "statusCode4": "ENROLL_OTP_RESEND_MAX",
        "statusCode1": "KBA_GET_QUIZ_SUCCESS_OTP_PIN_INITIATION_FAIL",
        "statusCode5": "PIN_TO_POST_PRIMARY",
        "statusCode6": "PIN_TO_POST_SECONDARY",
        "statusCode7": "KBA_QUIZ_ERROR",
        "statusCode8": "KBA_FAILURE_ELIGIBILITY_FAIL",
        "statusCode9": "TEST_UNMAPPED_RESPONSE",
        "quizIdentifier": "1",
        "questions": [{
                "questionId": "1",
                "questionText": "Your credit file indicates you may have a mortgage loan, opened in or around February 2016. Who is the credit provider for this account?",
                "answerChoices": [{
                        "answerChoiceId": "1",
                        "answerChoiceText": "BANK OF AMERICA CORPORATION"
                    },
                    {
                        "answerChoiceId": "2",
                        "answerChoiceText": "IMC MORTGAGE"
                    },
                    {
                        "answerChoiceId": "3",
                        "answerChoiceText": "LONG ISLAND SVGS BK"
                    },
                    {
                        "answerChoiceId": "4",
                        "answerChoiceText": "REGIONS FINANCIAL CORP"
                    },
                    {
                        "answerChoiceId": "5",
                        "answerChoiceText": "NONE OF THE ABOVE"
                    }
                ]
            },
            {
                "questionId": "2",
                "questionText": "What is your total scheduled monthly payment for the above-referenced mortgage?",
                "answerChoices": [{
                        "answerChoiceId": "1",
                        "answerChoiceText": "$425 - $524"
                    },
                    {
                        "answerChoiceId": "2",
                        "answerChoiceText": "$525 - $624"
                    },
                    {
                        "answerChoiceId": "3",
                        "answerChoiceText": "$625 - $724"
                    },
                    {
                        "answerChoiceId": "4",
                        "answerChoiceText": "$725 - $824"
                    },
                    {
                        "answerChoiceId": "5",
                        "answerChoiceText": "NONE OF THE ABOVE"
                    }
                ]
            },
            {
                "questionId": "3",
                "questionText": "On which of the following streets have you lived?",
                "answerChoices": [{
                        "answerChoiceId": "1",
                        "answerChoiceText": "COWAN LOOP"
                    },
                    {
                        "answerChoiceId": "2",
                        "answerChoiceText": "CP LN"
                    },
                    {
                        "answerChoiceId": "3",
                        "answerChoiceText": "N RED ST"
                    },
                    {
                        "answerChoiceId": "4",
                        "answerChoiceText": "REBSAMEN PARK"
                    },
                    {
                        "answerChoiceId": "5",
                        "answerChoiceText": "NONE OF THE ABOVE"
                    }
                ]
            },
            {
                "questionId": "4",
                "questionText": "Which of the following is either your current or your previous telephone number?",
                "answerChoices": [{
                        "answerChoiceId": "1",
                        "answerChoiceText": "615-203-0765"
                    },
                    {
                        "answerChoiceId": "2",
                        "answerChoiceText": "615-345-8527"
                    },
                    {
                        "answerChoiceId": "3",
                        "answerChoiceText": "615-683-6774"
                    },
                    {
                        "answerChoiceId": "4",
                        "answerChoiceText": "901-227-8517"
                    },
                    {
                        "answerChoiceId": "5",
                        "answerChoiceText": "NONE OF THE ABOVE"
                    }
                ]
            }
        ]
    },
    "validatePin": {
        "destinationUrl": "https://www.trustedid.com/",
        "phone": "string",
        "statusCode": "OTP_VALIDATE_PIN_SUCCESS",
        "statusCode1": "KBA_GET_QUIZ_SUCCESS_OTP_PIN_RETRY_MAX",
        "statusCode3": "KBA_GET_QUIZ_SUCCESS_OTP_PIN_VALIDATION_FAIL",
        "statusCode4": "KBA_GET_QUIZ_SUCCESS_OTP_PIN_VALIDATION_FAIL_UNKNOWN",
        "statusCode2": "OTP_VALIDATE_RESUBMIT_WITH_RESEND_MAX",
        "statusCode6": "PIN_TO_POST_PRIMARY",
        "statusCode7": "PIN_TO_POST_SECONDARY",
        "statusCode8": "KBA_QUIZ_ERROR",
        "statusCode9": "KBA_FAILURE_ELIGIBILITY_FAIL",
        "statusCode10": "TEST_UNMAPPED_RESPONSE",
        "transactionId": "string",
        "remainingAttempts": 2,
        "quizIdentifier": "1",
        "questions": [{
                "questionId": "1",
                "questionText": "Your credit file indicates you may have a mortgage loan, opened in or around February 2016. Who is the credit provider for this account?",
                "answerChoices": [{
                        "answerChoiceId": "1",
                        "answerChoiceText": "BANK OF AMERICA CORPORATION"
                    },
                    {
                        "answerChoiceId": "2",
                        "answerChoiceText": "IMC MORTGAGE"
                    },
                    {
                        "answerChoiceId": "3",
                        "answerChoiceText": "LONG ISLAND SVGS BK"
                    },
                    {
                        "answerChoiceId": "4",
                        "answerChoiceText": "REGIONS FINANCIAL CORP"
                    },
                    {
                        "answerChoiceId": "5",
                        "answerChoiceText": "NONE OF THE ABOVE"
                    }
                ]
            },
            {
                "questionId": "2",
                "questionText": "What is your total scheduled monthly payment for the above-referenced mortgage?",
                "answerChoices": [{
                        "answerChoiceId": "1",
                        "answerChoiceText": "$425 - $524"
                    },
                    {
                        "answerChoiceId": "2",
                        "answerChoiceText": "$525 - $624"
                    },
                    {
                        "answerChoiceId": "3",
                        "answerChoiceText": "$625 - $724"
                    },
                    {
                        "answerChoiceId": "4",
                        "answerChoiceText": "$725 - $824"
                    },
                    {
                        "answerChoiceId": "5",
                        "answerChoiceText": "NONE OF THE ABOVE"
                    }
                ]
            },
            {
                "questionId": "3",
                "questionText": "On which of the following streets have you lived?",
                "answerChoices": [{
                        "answerChoiceId": "1",
                        "answerChoiceText": "COWAN LOOP"
                    },
                    {
                        "answerChoiceId": "2",
                        "answerChoiceText": "CP LN"
                    },
                    {
                        "answerChoiceId": "3",
                        "answerChoiceText": "N RED ST"
                    },
                    {
                        "answerChoiceId": "4",
                        "answerChoiceText": "REBSAMEN PARK"
                    },
                    {
                        "answerChoiceId": "5",
                        "answerChoiceText": "NONE OF THE ABOVE"
                    }
                ]
            },
            {
                "questionId": "4",
                "questionText": "Which of the following is either your current or your previous telephone number?",
                "answerChoices": [{
                        "answerChoiceId": "1",
                        "answerChoiceText": "615-203-0765"
                    },
                    {
                        "answerChoiceId": "2",
                        "answerChoiceText": "615-345-8527"
                    },
                    {
                        "answerChoiceId": "3",
                        "answerChoiceText": "615-683-6774"
                    },
                    {
                        "answerChoiceId": "4",
                        "answerChoiceText": "901-227-8517"
                    },
                    {
                        "answerChoiceId": "5",
                        "answerChoiceText": "NONE OF THE ABOVE"
                    }
                ]
            }
        ]
    },
    "saveConsumer": {
        "customerId": "string",
        "statusCode": "CONFIRMATION",
        "statusCode_2": "RECAPTCHA_ERROR",
        "statusCode_3": "DUPLICATE_ENROLLMENT",
        "statusCode_1": "SAVE_CONSUMER_EXIST",
        "statusCode_4": "SAVE_CONSUMER_EXIST",
        "statusCode_5": "CID_UNAVAILABLE",
        "statusCode_6":"INDIRECT_ENROLLMENT_SYSTEM_ERROR",
        "statusMessage": "string"
    },
    "saveConsumerPOST": {
        "firstName": "Brian",
        "middleName": "",
        "lastName": "Wilgus",
        "dateOfBirth": "10/10/1999",
        "ssn": "123456789",
        "gender": "M",
        "address": {
            "addressLine1": "asdf",
            "addressLine2": "",
            "cityName": "qrw",
            "stateAbbreviation": "AL",
            "zipCode": "31010"
        },
        "currentAddressLessThanTwoYears": "false",
        "previousAddress": {
            "addressLine1": "",
            "addressLine2": "",
            "cityName": "",
            "stateAbbreviation": "",
            "zipCode": ""
        },
        "email": "afds@safd.com",
        "confirmEmail": "afds@safd.com",
        "phoneNumber": "7894561320",
        "blackBox": "",
        "restId": "1.0"
    },
    "createAccountPOST": {
        "username": "fas@gmail.com",
        "password": "password123"
    },
    "captchaSiteKey": {
        "siteKey": "6LeyhS8UAAAAAOKY7IX5dgdkkStjzZChXtbV7Cj6"
    },
    "appConfig": {
        "captchaSiteKey": "6LeyhS8UAAAAAOKY7IX5dgdkkStjzZChXtbV7Cj6",
        "idleDuration": 840,
        "idleWarningDuration": 60,
        "resourceBundle": "/dist/lockandalert/",
        "minAgeToRegister": 18,
        "spinnerMillisecondDelay": 2000,
        "successMCLoginUrl": "https://tid-uat9.trustedid.com",
        "tenantPartner": "la-us",
        "termsUrl": "https://www.equifax.com",
        "timeoutPageUrl": "https://www.equifax.com",
        "defaultLocale": "EN"
    },
    "analyticsConfig": {
        "iOvationUrl": "https://ci-mpsnare.iovation.com/snare.js",
        "dataLayer": {
            "pageInstanceID": "",
            "page": {
                "pageInfo": {
                    "pageID": "1",
                    "destinationURL": "testDestinationUrl",
                    "referringURL": null,
                    "sysEnv": "Personal computer",
                    "variant": "Chrome",
                    "version": "61",
                    "author": "Equifax",
                    "issueDate": 1509735304560,
                    "expiryDate": 1509735304561,
                    "language": "en_US",
                    "geoRegion": "US",
                    "industryCodes": "SIC-7320",
                    "publisher": "Equifax"
                },
                "category": "testCategory",
                "attributes": {
                    "efxSessionID": "C6BEBACB84C0A7F78EFD05EC39B1C49A",
                    "efxExperienceID": "209DEF12-E0CB-4B74-B88E-3FA31144E886",
                    "server": "aptp2lc9a051.app.c9.equifax.com"
                }
            },
            "product": "LockAlert.2018.01",
            "productId": "LockAlert.2018.01",
            "productName": "LockAlert.2018.01",
            "productDescription": "LockAlert.2018.01",
            "cart": "",
            "transaction": "",
            "event": [{
                "eventInfo": {
                    "eventName": null,
                    "eventAction": "pageLoad",
                    "eventPoints": 0,
                    "type": "pageLoad",
                    "timeStamp": 1509735304561,
                    "effect": null
                },
                "category": {
                    "primaryCategory": "RENDER",
                    "secondaryCategory": null,
                    "tertiaryCategory": null
                },
                "attributes": null
            }],
            "component": "testComponent",
            "privacy": "testPrivacy",
            "version": "1.0.0"
        },
        "ensightenUrl": "//nexus.ensighten.com/equifax/us_lockalert_of_dev/Bootstrap.js"
    },
    "initiatePtp": {
        "statusCode": "INITIATE_PTP_SUCCESS"
    },
    "initiateEmergencyBreak": {
        "optedForPinToPost": false,
        "restId": "1.0"
    },
    "keepalive": {},
    "timeout": {},
    "submitPtp": {
      "statusCode": "VALIDATE_PTP_SUCCESS",
      "statusCode_retry":"VALIDATE_PTP_ERROR_RESUBMIT_ALLOWED",
      "statusCode_error": "VALIDATE_PTP_ERROR",
      "statusCode_expire": "VALIDATE_PTP_EXPIRE",
      "statusCode_recaptcha_error": "VALIDATE_PTP_RECAPTCHA_ERROR",
      "remainingAttempts": 1
    }
}
