<configuration>

	<appender name="CONSOLE" class="ch.qos.logback.core.ConsoleAppender">
		<layout class="ch.qos.logback.classic.PatternLayout">
			<Pattern>%d{HH:mm:ss.SSS} [%thread] ConversationID:%X{conversation-id} SessionID:%X{session_id} %-5level %class:%method\(\) - [%marker] - %msg%n</Pattern>
		</layout>
	</appender>
	
<!-- 	<appender name="FILE" class="ch.qos.logback.core.rolling.RollingFileAppender">
		<file>../logs/lock-and-alerts.log</file>
		<rollingPolicy class="ch.qos.logback.core.rolling.TimeBasedRollingPolicy">
			daily rollover
			<fileNamePattern>../logs/lock-and-alerts.%d{yyyy-MM-dd}.log</fileNamePattern>
			keep 21 days' worth of history for prod
			<maxHistory>180</maxHistory>
		</rollingPolicy>
		<layout class="ch.qos.logback.classic.PatternLayout">
			<Pattern>%d{HH:mm:ss.SSS} [%thread] ConversationID:%X{conversation-id} SessionID:%X{session_id} %-5level %class:%method\(\) - [%marker] - %msg%n</Pattern>
		</layout>
	</appender> -->

	<!-- Tone down/up third party noise use level = "OFF" to shutdown log messages -->
	<logger name="ch.qos.logback" level="WARN" />
	<logger name="org.spring" level="WARN" />
	<logger name="org.springframework" level="WARN" />
	<logger name="org.apache" level="WARN" />
	<logger name="net.sf.ehcache.util" level="ERROR"/>
	<logger name="com.amazonaws.jmx.MBeans" level="ERROR"/>
  <logger name="springfox.documentation" level="WARN"></logger>
  <logger name="org.hibernate.validator" level="WARN"></logger>
  <logger name="org.dozer" level="ERROR"/>

  <if condition='property("PET.LOGLEVEL").contains("DEBUG")'>
		<then>
			<root level="DEBUG">
				<!-- <appender-ref ref="FILE" /> -->
				<appender-ref ref="CONSOLE" />
			</root>
		</then>
		<else>
			<if condition='property("PET.LOGLEVEL").contains("INFO")'>
				<then>
					<root level="INFO">
						<!-- <appender-ref ref="FILE" /> -->
						<appender-ref ref="CONSOLE" />
					</root>
				</then>
				<else>
					<if condition='property("PET.LOGLEVEL").contains("WARN")'>
						<then>
							<root level="WARN">
								<!-- <appender-ref ref="FILE" /> -->
								<appender-ref ref="CONSOLE" />
							</root>
						</then>
						<else>
							<root level="ERROR">
								<!-- <appender-ref ref="FILE" /> -->
								<appender-ref ref="CONSOLE" />
							</root>
						</else>
					</if>
				</else>
			</if>
		</else>
	</if>
</configuration>
