{
  "aot": true,
  "base-href": "/consumer-registration/",
  "build-optimizer": null,
  "common-chunk": null,
  "configuration": "production",
  "delete-output-path": null,
  "deploy-url": "/consumer-registration/",
  "eval-source-map": null,
  "extract-css": null,
  "extract-licenses": null,
  "fork-type-checker": null,
  "i18n-file": null,
  "i18n-format": null,
  "i18n-locale": null,
  "i18n-missing-translation": null,
  "index": null,
  "main": null,
  "named-chunks": null,
  "ngsw-config-path": null,
  "optimization": null,
  "output-hashing": null,
  "output-path": "dist",
  "poll": null,
  "polyfills": null,
  "preserve-symlinks": null,
  "prod": null,
  "progress": null,
  "service-worker": null,
  "show-circular-dependencies": null,
  "skip-app-shell": null,
  "source-map": null,
  "stats-json": null,
  "subresource-integrity": null,
  "ts-config": null,
  "vendor-chunk": null,
  "verbose": null,
  "watch": null
}
