{
  "index": "/index.html",
  "assetGroups": [
    {
      "name": "GSC - Consumer Registration",
      "version": 1,
      "installMode": "prefetch",
      "updadatMode": "prefetch",
      "navigationRequestStrategy": "freshness",
      "resources": {
        "files": ["/favicon.ico", "/index.html", "/*.css", "/*.js"]
      }
    },
    {
      "name": "assets",
      "installMode": "prefetch",
      "updateMode": "prefetch",
      "resources": {
        "files": [
          "/assets/**",
          "/*.(eot|svg|cur|jpg|png|webp|gif|otf|ttf|woff|woff2|ani)"
        ]
      }
    }
  ]
}
